sample_id,d_DIM_0002,BEAM_TO_SURFACE_distance,BEAM_SURFACE_ALIGNMENT_delta_x,BEAM_SURFACE_ALIGNMENT_delta_y,BEAM_SURFACE_ALIGNMENT_delta_z,BEAM_SURFACE_ALIGNMENT_delta_rx,BEAM_SURFACE_ALIGNMENT_delta_ry,BEAM_SURFACE_ALIGNMENT_delta_rz,CENTER_TO_NORTH_EDGE_distance,CENTER_TO_EAST_EDGE_distance,NORTH_TO_SOUTH_TILT_delta_x,NORTH_TO_SOUTH_TILT_delta_y,NORTH_TO_SOUTH_TILT_delta_z,EAST_TO_WEST_TILT_delta_x,EAST_TO_WEST_TILT_delta_y,EAST_TO_WEST_TILT_delta_z
0,6.351007308557518,6.351007308557518,0.0,0.0,6.351007308557518,0.0,0.0,0.0,5.0,5.0,0.0,-10.0,0.0,-10.0,0.0,0.0
1,6.349003475378935,6.349003475378935,0.0,0.0,6.349003475378935,0.0,0.0,0.0,5.0,5.0,0.0,-10.0,0.0,-10.0,0.0,0.0
2,6.34955265316686,6.34955265316686,0.0,0.0,6.34955265316686,0.0,0.0,0.0,5.0,5.0,0.0,-10.0,0.0,-10.0,0.0,0.0
3,6.350084620020024,6.350084620020024,0.0,0.0,6.350084620020024,0.0,0.0,0.0,5.0,5.0,0.0,-10.0,0.0,-10.0,0.0,0.0
4,6.349519574436654,6.349519574436654,0.0,0.0,6.349519574436654,0.0,0.0,0.0,5.0,5.0,0.0,-10.0,0.0,-10.0,0.0,0.0
5,6.350623198540553,6.350623198540553,0.0,0.0,6.350623198540553,0.0,0.0,0.0,5.0,5.0,0.0,-10.0,0.0,-10.0,0.0,0.0
6,6.349426404334782,6.349426404334782,0.0,0.0,6.349426404334782,0.0,0.0,0.0,5.0,5.0,0.0,-10.0,0.0,-10.0,0.0,0.0
7,6.350092243017782,6.350092243017782,0.0,0.0,6.350092243017782,0.0,0.0,0.0,5.0,5.0,0.0,-10.0,0.0,-10.0,0.0,0.0
8,6.349689894880982,6.349689894880982,0.0,0.0,6.349689894880982,0.0,0.0,0.0,5.0,5.0,0.0,-10.0,0.0,-10.0,0.0,0.0
9,6.348723812586917,6.348723812586917,0.0,0.0,6.348723812586917,0.0,0.0,0.0,5.0,5.0,0.0,-10.0,0.0,-10.0,0.0,0.0
10,6.350262421265431,6.350262421265431,0.0,0.0,6.350262421265431,0.0,0.0,0.0,5.0,5.0,0.0,-10.0,0.0,-10.0,0.0,0.0
11,6.349037214907178,6.349037214907178,0.0,0.0,6.349037214907178,0.0,0.0,0.0,5.0,5.0,0.0,-10.0,0.0,-10.0,0.0,0.0
12,6.350541312229247,6.350541312229247,0.0,0.0,6.350541312229247,0.0,0.0,0.0,5.0,5.0,0.0,-10.0,0.0,-10.0,0.0,0.0
13,6.349974635875712,6.349974635875712,0.0,0.0,6.349974635875712,0.0,0.0,0.0,5.0,5.0,0.0,-10.0,0.0,-10.0,0.0,0.0
14,6.3500163924217174,6.3500163924217174,0.0,0.0,6.3500163924217174,0.0,0.0,0.0,5.0,5.0,0.0,-10.0,0.0,-10.0,0.0,0.0
15,6.348975888973912,6.348975888973912,0.0,0.0,6.348975888973912,0.0,0.0,0.0,5.0,5.0,0.0,-10.0,0.0,-10.0,0.0,0.0
16,6.349119889381651,6.349119889381651,0.0,0.0,6.349119889381651,0.0,0.0,0.0,5.0,5.0,0.0,-10.0,0.0,-10.0,0.0,0.0
17,6.349951327098168,6.349951327098168,0.0,0.0,6.349951327098168,0.0,0.0,0.0,5.0,5.0,0.0,-10.0,0.0,-10.0,0.0,0.0
18,6.350158323697356,6.350158323697356,0.0,0.0,6.350158323697356,0.0,0.0,0.0,5.0,5.0,0.0,-10.0,0.0,-10.0,0.0,0.0
19,6.348677827595783,6.348677827595783,0.0,0.0,6.348677827595783,0.0,0.0,0.0,5.0,5.0,0.0,-10.0,0.0,-10.0,0.0,0.0
20,6.350068183053068,6.350068183053068,0.0,0.0,6.350068183053068,0.0,0.0,0.0,5.0,5.0,0.0,-10.0,0.0,-10.0,0.0,0.0
21,6.350358132203461,6.350358132203461,0.0,0.0,6.350358132203461,0.0,0.0,0.0,5.0,5.0,0.0,-10.0,0.0,-10.0,0.0,0.0
22,6.35063114724787,6.35063114724787,0.0,0.0,6.35063114724787,0.0,0.0,0.0,5.0,5.0,0.0,-10.0,0.0,-10.0,0.0,0.0
23,6.351272488618499,6.351272488618499,0.0,0.0,6.351272488618499,0.0,0.0,0.0,5.0,5.0,0.0,-10.0,0.0,-10.0,0.0,0.0
24,6.349955354554979,6.349955354554979,0.0,0.0,6.349955354554979,0.0,0.0,0.0,5.0,5.0,0.0,-10.0,0.0,-10.0,0.0,0.0
25,6.349822999203176,6.349822999203176,0.0,0.0,6.349822999203176,0.0,0.0,0.0,5.0,5.0,0.0,-10.0,0.0,-10.0,0.0,0.0
26,6.349768511405669,6.349768511405669,0.0,0.0,6.349768511405669,0.0,0.0,0.0,5.0,5.0,0.0,-10.0,0.0,-10.0,0.0,0.0
27,6.349489386025453,6.349489386025453,0.0,0.0,6.349489386025453,0.0,0.0,0.0,5.0,5.0,0.0,-10.0,0.0,-10.0,0.0,0.0
28,6.350482975773308,6.350482975773308,0.0,0.0,6.350482975773308,0.0,0.0,0.0,5.0,5.0,0.0,-10.0,0.0,-10.0,0.0,0.0
29,6.351215558180189,6.351215558180189,0.0,0.0,6.351215558180189,0.0,0.0,0.0,5.0,5.0,0.0,-10.0,0.0,-10.0,0.0,0.0
30,6.350773643839317,6.350773643839317,0.0,0.0,6.350773643839317,0.0,0.0,0.0,5.0,5.0,0.0,-10.0,0.0,-10.0,0.0,0.0
31,6.349523026150051,6.349523026150051,0.0,0.0,6.349523026150051,0.0,0.0,0.0,5.0,5.0,0.0,-10.0,0.0,-10.0,0.0,0.0
32,6.350032770655451,6.350032770655451,0.0,0.0,6.350032770655451,0.0,0.0,0.0,5.0,5.0,0.0,-10.0,0.0,-10.0,0.0,0.0
33,6.349558912991809,6.349558912991809,0.0,0.0,6.349558912991809,0.0,0.0,0.0,5.0,5.0,0.0,-10.0,0.0,-10.0,0.0,0.0
34,6.349859012167102,6.349859012167102,0.0,0.0,6.349859012167102,0.0,0.0,0.0,5.0,5.0,0.0,-10.0,0.0,-10.0,0.0,0.0
35,6.350375356852719,6.350375356852719,0.0,0.0,6.350375356852719,0.0,0.0,0.0,5.0,5.0,0.0,-10.0,0.0,-10.0,0.0,0.0
36,6.349719380150754,6.349719380150754,0.0,0.0,6.349719380150754,0.0,0.0,0.0,5.0,5.0,0.0,-10.0,0.0,-10.0,0.0,0.0
37,6.351548579767849,6.351548579767849,0.0,0.0,6.351548579767849,0.0,0.0,0.0,5.0,5.0,0.0,-10.0,0.0,-10.0,0.0,0.0
38,6.3499417282145325,6.3499417282145325,0.0,0.0,6.3499417282145325,0.0,0.0,0.0,5.0,5.0,0.0,-10.0,0.0,-10.0,0.0,0.0
39,6.350604984131557,6.350604984131557,0.0,0.0,6.350604984131557,0.0,0.0,0.0,5.0,5.0,0.0,-10.0,0.0,-10.0,0.0,0.0
40,6.350339322550517,6.350339322550517,0.0,0.0,6.350339322550517,0.0,0.0,0.0,5.0,5.0,0.0,-10.0,0.0,-10.0,0.0,0.0
41,6.3497083336419955,6.3497083336419955,0.0,0.0,6.3497083336419955,0.0,0.0,0.0,5.0,5.0,0.0,-10.0,0.0,-10.0,0.0,0.0
42,6.349668192193845,6.349668192193845,0.0,0.0,6.349668192193845,0.0,0.0,0.0,5.0,5.0,0.0,-10.0,0.0,-10.0,0.0,0.0
43,6.349038448184952,6.349038448184952,0.0,0.0,6.349038448184952,0.0,0.0,0.0,5.0,5.0,0.0,-10.0,0.0,-10.0,0.0,0.0
44,6.350120586475942,6.350120586475942,0.0,0.0,6.350120586475942,0.0,0.0,0.0,5.0,5.0,0.0,-10.0,0.0,-10.0,0.0,0.0
45,6.349779931627596,6.349779931627596,0.0,0.0,6.349779931627596,0.0,0.0,0.0,5.0,5.0,0.0,-10.0,0.0,-10.0,0.0,0.0
46,6.350907189153892,6.350907189153892,0.0,0.0,6.350907189153892,0.0,0.0,0.0,5.0,5.0,0.0,-10.0,0.0,-10.0,0.0,0.0
47,6.351264818026706,6.351264818026706,0.0,0.0,6.351264818026706,0.0,0.0,0.0,5.0,5.0,0.0,-10.0,0.0,-10.0,0.0,0.0
48,6.349044309054661,6.349044309054661,0.0,0.0,6.349044309054661,0.0,0.0,0.0,5.0,5.0,0.0,-10.0,0.0,-10.0,0.0,0.0
49,6.350104044454298,6.350104044454298,0.0,0.0,6.350104044454298,0.0,0.0,0.0,5.0,5.0,0.0,-10.0,0.0,-10.0,0.0,0.0
50,6.349407190893976,6.349407190893976,0.0,0.0,6.349407190893976,0.0,0.0,0.0,5.0,5.0,0.0,-10.0,0.0,-10.0,0.0,0.0
51,6.351031976209548,6.351031976209548,0.0,0.0,6.351031976209548,0.0,0.0,0.0,5.0,5.0,0.0,-10.0,0.0,-10.0,0.0,0.0
52,6.3494598598351475,6.3494598598351475,0.0,0.0,6.3494598598351475,0.0,0.0,0.0,5.0,5.0,0.0,-10.0,0.0,-10.0,0.0,0.0
53,6.349072561344182,6.349072561344182,0.0,0.0,6.349072561344182,0.0,0.0,0.0,5.0,5.0,0.0,-10.0,0.0,-10.0,0.0,0.0
54,6.349982200155722,6.349982200155722,0.0,0.0,6.349982200155722,0.0,0.0,0.0,5.0,5.0,0.0,-10.0,0.0,-10.0,0.0,0.0
55,6.349426587096335,6.349426587096335,0.0,0.0,6.349426587096335,0.0,0.0,0.0,5.0,5.0,0.0,-10.0,0.0,-10.0,0.0,0.0
56,6.349350326911528,6.349350326911528,0.0,0.0,6.349350326911528,0.0,0.0,0.0,5.0,5.0,0.0,-10.0,0.0,-10.0,0.0,0.0
57,6.350241406468967,6.350241406468967,0.0,0.0,6.350241406468967,0.0,0.0,0.0,5.0,5.0,0.0,-10.0,0.0,-10.0,0.0,0.0
58,6.3504325037079115,6.3504325037079115,0.0,0.0,6.3504325037079115,0.0,0.0,0.0,5.0,5.0,0.0,-10.0,0.0,-10.0,0.0,0.0
59,6.350628900568316,6.350628900568316,0.0,0.0,6.350628900568316,0.0,0.0,0.0,5.0,5.0,0.0,-10.0,0.0,-10.0,0.0,0.0
60,6.349513784680633,6.349513784680633,0.0,0.0,6.349513784680633,0.0,0.0,0.0,5.0,5.0,0.0,-10.0,0.0,-10.0,0.0,0.0
61,6.349998946940939,6.349998946940939,0.0,0.0,6.349998946940939,0.0,0.0,0.0,5.0,5.0,0.0,-10.0,0.0,-10.0,0.0,0.0
62,6.35006389681001,6.35006389681001,0.0,0.0,6.35006389681001,0.0,0.0,0.0,5.0,5.0,0.0,-10.0,0.0,-10.0,0.0,0.0
63,6.350606188606532,6.350606188606532,0.0,0.0,6.350606188606532,0.0,0.0,0.0,5.0,5.0,0.0,-10.0,0.0,-10.0,0.0,0.0
64,6.35054059488388,6.35054059488388,0.0,0.0,6.35054059488388,0.0,0.0,0.0,5.0,5.0,0.0,-10.0,0.0,-10.0,0.0,0.0
65,6.350620242824878,6.350620242824878,0.0,0.0,6.350620242824878,0.0,0.0,0.0,5.0,5.0,0.0,-10.0,0.0,-10.0,0.0,0.0
66,6.349984063094787,6.349984063094787,0.0,0.0,6.349984063094787,0.0,0.0,0.0,5.0,5.0,0.0,-10.0,0.0,-10.0,0.0,0.0
67,6.350022603025453,6.350022603025453,0.0,0.0,6.350022603025453,0.0,0.0,0.0,5.0,5.0,0.0,-10.0,0.0,-10.0,0.0,0.0
68,6.351135195581512,6.351135195581512,0.0,0.0,6.351135195581512,0.0,0.0,0.0,5.0,5.0,0.0,-10.0,0.0,-10.0,0.0,0.0
69,6.350693660063115,6.350693660063115,0.0,0.0,6.350693660063115,0.0,0.0,0.0,5.0,5.0,0.0,-10.0,0.0,-10.0,0.0,0.0
70,6.350173686060488,6.350173686060488,0.0,0.0,6.350173686060488,0.0,0.0,0.0,5.0,5.0,0.0,-10.0,0.0,-10.0,0.0,0.0
71,6.349572205704897,6.349572205704897,0.0,0.0,6.349572205704897,0.0,0.0,0.0,5.0,5.0,0.0,-10.0,0.0,-10.0,0.0,0.0
72,6.350115905393723,6.350115905393723,0.0,0.0,6.350115905393723,0.0,0.0,0.0,5.0,5.0,0.0,-10.0,0.0,-10.0,0.0,0.0
73,6.350294891331586,6.350294891331586,0.0,0.0,6.350294891331586,0.0,0.0,0.0,5.0,5.0,0.0,-10.0,0.0,-10.0,0.0,0.0
74,6.349805734722663,6.349805734722663,0.0,0.0,6.349805734722663,0.0,0.0,0.0,5.0,5.0,0.0,-10.0,0.0,-10.0,0.0,0.0
75,6.34959056871851,6.34959056871851,0.0,0.0,6.34959056871851,0.0,0.0,0.0,5.0,5.0,0.0,-10.0,0.0,-10.0,0.0,0.0
76,6.349447148877992,6.349447148877992,0.0,0.0,6.349447148877992,0.0,0.0,0.0,5.0,5.0,0.0,-10.0,0.0,-10.0,0.0,0.0
77,6.3501104280097005,6.3501104280097005,0.0,0.0,6.3501104280097005,0.0,0.0,0.0,5.0,5.0,0.0,-10.0,0.0,-10.0,0.0,0.0
78,6.349759300553602,6.349759300553602,0.0,0.0,6.349759300553602,0.0,0.0,0.0,5.0,5.0,0.0,-10.0,0.0,-10.0,0.0,0.0
79,6.350123916948609,6.350123916948609,0.0,0.0,6.350123916948609,0.0,0.0,0.0,5.0,5.0,0.0,-10.0,0.0,-10.0,0.0,0.0
80,6.350944748087859,6.350944748087859,0.0,0.0,6.350944748087859,0.0,0.0,0.0,5.0,5.0,0.0,-10.0,0.0,-10.0,0.0,0.0
81,6.349815164402012,6.349815164402012,0.0,0.0,6.349815164402012,0.0,0.0,0.0,5.0,5.0,0.0,-10.0,0.0,-10.0,0.0,0.0
82,6.351368171927079,6.351368171927079,0.0,0.0,6.351368171927079,0.0,0.0,0.0,5.0,5.0,0.0,-10.0,0.0,-10.0,0.0,0.0
83,6.3502397825821015,6.3502397825821015,0.0,0.0,6.3502397825821015,0.0,0.0,0.0,5.0,5.0,0.0,-10.0,0.0,-10.0,0.0,0.0
84,6.3510969661199566,6.3510969661199566,0.0,0.0,6.3510969661199566,0.0,0.0,0.0,5.0,5.0,0.0,-10.0,0.0,-10.0,0.0,0.0
85,6.349513901780179,6.349513901780179,0.0,0.0,6.349513901780179,0.0,0.0,0.0,5.0,5.0,0.0,-10.0,0.0,-10.0,0.0,0.0
86,6.350240497237068,6.350240497237068,0.0,0.0,6.350240497237068,0.0,0.0,0.0,5.0,5.0,0.0,-10.0,0.0,-10.0,0.0,0.0
87,6.3496632040461805,6.3496632040461805,0.0,0.0,6.3496632040461805,0.0,0.0,0.0,5.0,5.0,0.0,-10.0,0.0,-10.0,0.0,0.0
88,6.349952125864161,6.349952125864161,0.0,0.0,6.349952125864161,0.0,0.0,0.0,5.0,5.0,0.0,-10.0,0.0,-10.0,0.0,0.0
89,6.350409985303247,6.350409985303247,0.0,0.0,6.350409985303247,0.0,0.0,0.0,5.0,5.0,0.0,-10.0,0.0,-10.0,0.0,0.0
90,6.3493117312700935,6.3493117312700935,0.0,0.0,6.3493117312700935,0.0,0.0,0.0,5.0,5.0,0.0,-10.0,0.0,-10.0,0.0,0.0
91,6.349959532285599,6.349959532285599,0.0,0.0,6.349959532285599,0.0,0.0,0.0,5.0,5.0,0.0,-10.0,0.0,-10.0,0.0,0.0
92,6.350733368500912,6.350733368500912,0.0,0.0,6.350733368500912,0.0,0.0,0.0,5.0,5.0,0.0,-10.0,0.0,-10.0,0.0,0.0
93,6.350418421002756,6.350418421002756,0.0,0.0,6.350418421002756,0.0,0.0,0.0,5.0,5.0,0.0,-10.0,0.0,-10.0,0.0,0.0
94,6.350945460817034,6.350945460817034,0.0,0.0,6.350945460817034,0.0,0.0,0.0,5.0,5.0,0.0,-10.0,0.0,-10.0,0.0,0.0
95,6.349768693566535,6.349768693566535,0.0,0.0,6.349768693566535,0.0,0.0,0.0,5.0,5.0,0.0,-10.0,0.0,-10.0,0.0,0.0
96,6.350216804063883,6.350216804063883,0.0,0.0,6.350216804063883,0.0,0.0,0.0,5.0,5.0,0.0,-10.0,0.0,-10.0,0.0,0.0
97,6.3508714913476245,6.3508714913476245,0.0,0.0,6.3508714913476245,0.0,0.0,0.0,5.0,5.0,0.0,-10.0,0.0,-10.0,0.0,0.0
98,6.349928043959577,6.349928043959577,0.0,0.0,6.349928043959577,0.0,0.0,0.0,5.0,5.0,0.0,-10.0,0.0,-10.0,0.0,0.0
99,6.349868690816683,6.349868690816683,0.0,0.0,6.349868690816683,0.0,0.0,0.0,5.0,5.0,0.0,-10.0,0.0,-10.0,0.0,0.0
100,6.3489222261760485,6.3489222261760485,0.0,0.0,6.3489222261760485,0.0,0.0,0.0,5.0,5.0,0.0,-10.0,0.0,-10.0,0.0,0.0
101,6.351331201385295,6.351331201385295,0.0,0.0,6.351331201385295,0.0,0.0,0.0,5.0,5.0,0.0,-10.0,0.0,-10.0,0.0,0.0
102,6.3492235766358025,6.3492235766358025,0.0,0.0,6.3492235766358025,0.0,0.0,0.0,5.0,5.0,0.0,-10.0,0.0,-10.0,0.0,0.0
103,6.349992938595508,6.349992938595508,0.0,0.0,6.349992938595508,0.0,0.0,0.0,5.0,5.0,0.0,-10.0,0.0,-10.0,0.0,0.0
104,6.35125607472517,6.35125607472517,0.0,0.0,6.35125607472517,0.0,0.0,0.0,5.0,5.0,0.0,-10.0,0.0,-10.0,0.0,0.0
105,6.349785756917984,6.349785756917984,0.0,0.0,6.349785756917984,0.0,0.0,0.0,5.0,5.0,0.0,-10.0,0.0,-10.0,0.0,0.0
106,6.350022482250522,6.350022482250522,0.0,0.0,6.350022482250522,0.0,0.0,0.0,5.0,5.0,0.0,-10.0,0.0,-10.0,0.0,0.0
107,6.349792612380333,6.349792612380333,0.0,0.0,6.349792612380333,0.0,0.0,0.0,5.0,5.0,0.0,-10.0,0.0,-10.0,0.0,0.0
108,6.349406523731847,6.349406523731847,0.0,0.0,6.349406523731847,0.0,0.0,0.0,5.0,5.0,0.0,-10.0,0.0,-10.0,0.0,0.0
109,6.349785994851423,6.349785994851423,0.0,0.0,6.349785994851423,0.0,0.0,0.0,5.0,5.0,0.0,-10.0,0.0,-10.0,0.0,0.0
110,6.3499460760364705,6.3499460760364705,0.0,0.0,6.3499460760364705,0.0,0.0,0.0,5.0,5.0,0.0,-10.0,0.0,-10.0,0.0,0.0
111,6.350597579712293,6.350597579712293,0.0,0.0,6.350597579712293,0.0,0.0,0.0,5.0,5.0,0.0,-10.0,0.0,-10.0,0.0,0.0
112,6.34968070867544,6.34968070867544,0.0,0.0,6.34968070867544,0.0,0.0,0.0,5.0,5.0,0.0,-10.0,0.0,-10.0,0.0,0.0
113,6.349512074272246,6.349512074272246,0.0,0.0,6.349512074272246,0.0,0.0,0.0,5.0,5.0,0.0,-10.0,0.0,-10.0,0.0,0.0
114,6.3503064730943,6.3503064730943,0.0,0.0,6.3503064730943,0.0,0.0,0.0,5.0,5.0,0.0,-10.0,0.0,-10.0,0.0,0.0
115,6.350598346787514,6.350598346787514,0.0,0.0,6.350598346787514,0.0,0.0,0.0,5.0,5.0,0.0,-10.0,0.0,-10.0,0.0,0.0
116,6.349173429426041,6.349173429426041,0.0,0.0,6.349173429426041,0.0,0.0,0.0,5.0,5.0,0.0,-10.0,0.0,-10.0,0.0,0.0
117,6.348864373937784,6.348864373937784,0.0,0.0,6.348864373937784,0.0,0.0,0.0,5.0,5.0,0.0,-10.0,0.0,-10.0,0.0,0.0
118,6.350021721523661,6.350021721523661,0.0,0.0,6.350021721523661,0.0,0.0,0.0,5.0,5.0,0.0,-10.0,0.0,-10.0,0.0,0.0
119,6.350150465523778,6.350150465523778,0.0,0.0,6.350150465523778,0.0,0.0,0.0,5.0,5.0,0.0,-10.0,0.0,-10.0,0.0,0.0
120,6.350369102117504,6.350369102117504,0.0,0.0,6.350369102117504,0.0,0.0,0.0,5.0,5.0,0.0,-10.0,0.0,-10.0,0.0,0.0
121,6.350970218361867,6.350970218361867,0.0,0.0,6.350970218361867,0.0,0.0,0.0,5.0,5.0,0.0,-10.0,0.0,-10.0,0.0,0.0
122,6.349868556976179,6.349868556976179,0.0,0.0,6.349868556976179,0.0,0.0,0.0,5.0,5.0,0.0,-10.0,0.0,-10.0,0.0,0.0
123,6.3498449759748805,6.3498449759748805,0.0,0.0,6.3498449759748805,0.0,0.0,0.0,5.0,5.0,0.0,-10.0,0.0,-10.0,0.0,0.0
124,6.3492820237410585,6.3492820237410585,0.0,0.0,6.3492820237410585,0.0,0.0,0.0,5.0,5.0,0.0,-10.0,0.0,-10.0,0.0,0.0
125,6.350302632242074,6.350302632242074,0.0,0.0,6.350302632242074,0.0,0.0,0.0,5.0,5.0,0.0,-10.0,0.0,-10.0,0.0,0.0
126,6.349834321070259,6.349834321070259,0.0,0.0,6.349834321070259,0.0,0.0,0.0,5.0,5.0,0.0,-10.0,0.0,-10.0,0.0,0.0
127,6.348985002875589,6.348985002875589,0.0,0.0,6.348985002875589,0.0,0.0,0.0,5.0,5.0,0.0,-10.0,0.0,-10.0,0.0,0.0
128,6.350704911757156,6.350704911757156,0.0,0.0,6.350704911757156,0.0,0.0,0.0,5.0,5.0,0.0,-10.0,0.0,-10.0,0.0,0.0
129,6.350601395465448,6.350601395465448,0.0,0.0,6.350601395465448,0.0,0.0,0.0,5.0,5.0,0.0,-10.0,0.0,-10.0,0.0,0.0
130,6.348896342255606,6.348896342255606,0.0,0.0,6.348896342255606,0.0,0.0,0.0,5.0,5.0,0.0,-10.0,0.0,-10.0,0.0,0.0
131,6.35035184952349,6.35035184952349,0.0,0.0,6.35035184952349,0.0,0.0,0.0,5.0,5.0,0.0,-10.0,0.0,-10.0,0.0,0.0
132,6.349268363565289,6.349268363565289,0.0,0.0,6.349268363565289,0.0,0.0,0.0,5.0,5.0,0.0,-10.0,0.0,-10.0,0.0,0.0
133,6.350300860074161,6.350300860074161,0.0,0.0,6.350300860074161,0.0,0.0,0.0,5.0,5.0,0.0,-10.0,0.0,-10.0,0.0,0.0
134,6.3493918510217595,6.3493918510217595,0.0,0.0,6.3493918510217595,0.0,0.0,0.0,5.0,5.0,0.0,-10.0,0.0,-10.0,0.0,0.0
135,6.350936065257908,6.350936065257908,0.0,0.0,6.350936065257908,0.0,0.0,0.0,5.0,5.0,0.0,-10.0,0.0,-10.0,0.0,0.0
136,6.349685546995611,6.349685546995611,0.0,0.0,6.349685546995611,0.0,0.0,0.0,5.0,5.0,0.0,-10.0,0.0,-10.0,0.0,0.0
137,6.348947745590316,6.348947745590316,0.0,0.0,6.348947745590316,0.0,0.0,0.0,5.0,5.0,0.0,-10.0,0.0,-10.0,0.0,0.0
138,6.35025195196455,6.35025195196455,0.0,0.0,6.35025195196455,0.0,0.0,0.0,5.0,5.0,0.0,-10.0,0.0,-10.0,0.0,0.0
139,6.349384346806348,6.349384346806348,0.0,0.0,6.349384346806348,0.0,0.0,0.0,5.0,5.0,0.0,-10.0,0.0,-10.0,0.0,0.0
140,6.350376359906267,6.350376359906267,0.0,0.0,6.350376359906267,0.0,0.0,0.0,5.0,5.0,0.0,-10.0,0.0,-10.0,0.0,0.0
141,6.3501072838266746,6.3501072838266746,0.0,0.0,6.3501072838266746,0.0,0.0,0.0,5.0,5.0,0.0,-10.0,0.0,-10.0,0.0,0.0
142,6.3495846171548065,6.3495846171548065,0.0,0.0,6.3495846171548065,0.0,0.0,0.0,5.0,5.0,0.0,-10.0,0.0,-10.0,0.0,0.0
143,6.350790942151544,6.350790942151544,0.0,0.0,6.350790942151544,0.0,0.0,0.0,5.0,5.0,0.0,-10.0,0.0,-10.0,0.0,0.0
144,6.3484357372415285,6.3484357372415285,0.0,0.0,6.3484357372415285,0.0,0.0,0.0,5.0,5.0,0.0,-10.0,0.0,-10.0,0.0,0.0
145,6.350747114614802,6.350747114614802,0.0,0.0,6.350747114614802,0.0,0.0,0.0,5.0,5.0,0.0,-10.0,0.0,-10.0,0.0,0.0
146,6.350070926487645,6.350070926487645,0.0,0.0,6.350070926487645,0.0,0.0,0.0,5.0,5.0,0.0,-10.0,0.0,-10.0,0.0,0.0
147,6.349502827863186,6.349502827863186,0.0,0.0,6.349502827863186,0.0,0.0,0.0,5.0,5.0,0.0,-10.0,0.0,-10.0,0.0,0.0
148,6.35099057575372,6.35099057575372,0.0,0.0,6.35099057575372,0.0,0.0,0.0,5.0,5.0,0.0,-10.0,0.0,-10.0,0.0,0.0
149,6.3505455191132105,6.3505455191132105,0.0,0.0,6.3505455191132105,0.0,0.0,0.0,5.0,5.0,0.0,-10.0,0.0,-10.0,0.0,0.0
150,6.350244961255327,6.350244961255327,0.0,0.0,6.350244961255327,0.0,0.0,0.0,5.0,5.0,0.0,-10.0,0.0,-10.0,0.0,0.0
151,6.349553278221438,6.349553278221438,0.0,0.0,6.349553278221438,0.0,0.0,0.0,5.0,5.0,0.0,-10.0,0.0,-10.0,0.0,0.0
152,6.350305992278588,6.350305992278588,0.0,0.0,6.350305992278588,0.0,0.0,0.0,5.0,5.0,0.0,-10.0,0.0,-10.0,0.0,0.0
153,6.349560983685048,6.349560983685048,0.0,0.0,6.349560983685048,0.0,0.0,0.0,5.0,5.0,0.0,-10.0,0.0,-10.0,0.0,0.0
154,6.350250238213673,6.350250238213673,0.0,0.0,6.350250238213673,0.0,0.0,0.0,5.0,5.0,0.0,-10.0,0.0,-10.0,0.0,0.0
155,6.349849506546951,6.349849506546951,0.0,0.0,6.349849506546951,0.0,0.0,0.0,5.0,5.0,0.0,-10.0,0.0,-10.0,0.0,0.0
156,6.35084593819009,6.35084593819009,0.0,0.0,6.35084593819009,0.0,0.0,0.0,5.0,5.0,0.0,-10.0,0.0,-10.0,0.0,0.0
157,6.350607734997407,6.350607734997407,0.0,0.0,6.350607734997407,0.0,0.0,0.0,5.0,5.0,0.0,-10.0,0.0,-10.0,0.0,0.0
158,6.349858921649406,6.349858921649406,0.0,0.0,6.349858921649406,0.0,0.0,0.0,5.0,5.0,0.0,-10.0,0.0,-10.0,0.0,0.0
159,6.350847902766747,6.350847902766747,0.0,0.0,6.350847902766747,0.0,0.0,0.0,5.0,5.0,0.0,-10.0,0.0,-10.0,0.0,0.0
160,6.348921768576127,6.348921768576127,0.0,0.0,6.348921768576127,0.0,0.0,0.0,5.0,5.0,0.0,-10.0,0.0,-10.0,0.0,0.0
161,6.350436553308277,6.350436553308277,0.0,0.0,6.350436553308277,0.0,0.0,0.0,5.0,5.0,0.0,-10.0,0.0,-10.0,0.0,0.0
162,6.349716272992496,6.349716272992496,0.0,0.0,6.349716272992496,0.0,0.0,0.0,5.0,5.0,0.0,-10.0,0.0,-10.0,0.0,0.0
163,6.350683360796904,6.350683360796904,0.0,0.0,6.350683360796904,0.0,0.0,0.0,5.0,5.0,0.0,-10.0,0.0,-10.0,0.0,0.0
164,6.351077839317635,6.351077839317635,0.0,0.0,6.351077839317635,0.0,0.0,0.0,5.0,5.0,0.0,-10.0,0.0,-10.0,0.0,0.0
165,6.349883190847184,6.349883190847184,0.0,0.0,6.349883190847184,0.0,0.0,0.0,5.0,5.0,0.0,-10.0,0.0,-10.0,0.0,0.0
166,6.350905634336469,6.350905634336469,0.0,0.0,6.350905634336469,0.0,0.0,0.0,5.0,5.0,0.0,-10.0,0.0,-10.0,0.0,0.0
167,6.349769525080306,6.349769525080306,0.0,0.0,6.349769525080306,0.0,0.0,0.0,5.0,5.0,0.0,-10.0,0.0,-10.0,0.0,0.0
168,6.350221924094468,6.350221924094468,0.0,0.0,6.350221924094468,0.0,0.0,0.0,5.0,5.0,0.0,-10.0,0.0,-10.0,0.0,0.0
169,6.350005563403359,6.350005563403359,0.0,0.0,6.350005563403359,0.0,0.0,0.0,5.0,5.0,0.0,-10.0,0.0,-10.0,0.0,0.0
170,6.350684112588683,6.350684112588683,0.0,0.0,6.350684112588683,0.0,0.0,0.0,5.0,5.0,0.0,-10.0,0.0,-10.0,0.0,0.0
171,6.348210900406702,6.348210900406702,0.0,0.0,6.348210900406702,0.0,0.0,0.0,5.0,5.0,0.0,-10.0,0.0,-10.0,0.0,0.0
172,6.350226992647991,6.350226992647991,0.0,0.0,6.350226992647991,0.0,0.0,0.0,5.0,5.0,0.0,-10.0,0.0,-10.0,0.0,0.0
173,6.350706870923179,6.350706870923179,0.0,0.0,6.350706870923179,0.0,0.0,0.0,5.0,5.0,0.0,-10.0,0.0,-10.0,0.0,0.0
174,6.34989967399813,6.34989967399813,0.0,0.0,6.34989967399813,0.0,0.0,0.0,5.0,5.0,0.0,-10.0,0.0,-10.0,0.0,0.0
175,6.3496859961927425,6.3496859961927425,0.0,0.0,6.3496859961927425,0.0,0.0,0.0,5.0,5.0,0.0,-10.0,0.0,-10.0,0.0,0.0
176,6.349588838761092,6.349588838761092,0.0,0.0,6.349588838761092,0.0,0.0,0.0,5.0,5.0,0.0,-10.0,0.0,-10.0,0.0,0.0
177,6.348510699044869,6.348510699044869,0.0,0.0,6.348510699044869,0.0,0.0,0.0,5.0,5.0,0.0,-10.0,0.0,-10.0,0.0,0.0
178,6.350505208792576,6.350505208792576,0.0,0.0,6.350505208792576,0.0,0.0,0.0,5.0,5.0,0.0,-10.0,0.0,-10.0,0.0,0.0
179,6.3508924592871825,6.3508924592871825,0.0,0.0,6.3508924592871825,0.0,0.0,0.0,5.0,5.0,0.0,-10.0,0.0,-10.0,0.0,0.0
180,6.350431163084843,6.350431163084843,0.0,0.0,6.350431163084843,0.0,0.0,0.0,5.0,5.0,0.0,-10.0,0.0,-10.0,0.0,0.0
181,6.349803895467336,6.349803895467336,0.0,0.0,6.349803895467336,0.0,0.0,0.0,5.0,5.0,0.0,-10.0,0.0,-10.0,0.0,0.0
182,6.349823628050548,6.349823628050548,0.0,0.0,6.349823628050548,0.0,0.0,0.0,5.0,5.0,0.0,-10.0,0.0,-10.0,0.0,0.0
183,6.350702923667234,6.350702923667234,0.0,0.0,6.350702923667234,0.0,0.0,0.0,5.0,5.0,0.0,-10.0,0.0,-10.0,0.0,0.0
184,6.3494288438114665,6.3494288438114665,0.0,0.0,6.3494288438114665,0.0,0.0,0.0,5.0,5.0,0.0,-10.0,0.0,-10.0,0.0,0.0
185,6.349806700947851,6.349806700947851,0.0,0.0,6.349806700947851,0.0,0.0,0.0,5.0,5.0,0.0,-10.0,0.0,-10.0,0.0,0.0
186,6.35113312170592,6.35113312170592,0.0,0.0,6.35113312170592,0.0,0.0,0.0,5.0,5.0,0.0,-10.0,0.0,-10.0,0.0,0.0
187,6.349555144068643,6.349555144068643,0.0,0.0,6.349555144068643,0.0,0.0,0.0,5.0,5.0,0.0,-10.0,0.0,-10.0,0.0,0.0
188,6.350915664559252,6.350915664559252,0.0,0.0,6.350915664559252,0.0,0.0,0.0,5.0,5.0,0.0,-10.0,0.0,-10.0,0.0,0.0
189,6.350974003874184,6.350974003874184,0.0,0.0,6.350974003874184,0.0,0.0,0.0,5.0,5.0,0.0,-10.0,0.0,-10.0,0.0,0.0
190,6.351865075818331,6.351865075818331,0.0,0.0,6.351865075818331,0.0,0.0,0.0,5.0,5.0,0.0,-10.0,0.0,-10.0,0.0,0.0
191,6.349939980735854,6.349939980735854,0.0,0.0,6.349939980735854,0.0,0.0,0.0,5.0,5.0,0.0,-10.0,0.0,-10.0,0.0,0.0
192,6.3507750845466955,6.3507750845466955,0.0,0.0,6.3507750845466955,0.0,0.0,0.0,5.0,5.0,0.0,-10.0,0.0,-10.0,0.0,0.0
193,6.350178364053179,6.350178364053179,0.0,0.0,6.350178364053179,0.0,0.0,0.0,5.0,5.0,0.0,-10.0,0.0,-10.0,0.0,0.0
194,6.35083695360837,6.35083695360837,0.0,0.0,6.35083695360837,0.0,0.0,0.0,5.0,5.0,0.0,-10.0,0.0,-10.0,0.0,0.0
195,6.3495092577070125,6.3495092577070125,0.0,0.0,6.3495092577070125,0.0,0.0,0.0,5.0,5.0,0.0,-10.0,0.0,-10.0,0.0,0.0
196,6.349828619242179,6.349828619242179,0.0,0.0,6.349828619242179,0.0,0.0,0.0,5.0,5.0,0.0,-10.0,0.0,-10.0,0.0,0.0
197,6.349709692867203,6.349709692867203,0.0,0.0,6.349709692867203,0.0,0.0,0.0,5.0,5.0,0.0,-10.0,0.0,-10.0,0.0,0.0
198,6.349434224778671,6.349434224778671,0.0,0.0,6.349434224778671,0.0,0.0,0.0,5.0,5.0,0.0,-10.0,0.0,-10.0,0.0,0.0
199,6.349357379581932,6.349357379581932,0.0,0.0,6.349357379581932,0.0,0.0,0.0,5.0,5.0,0.0,-10.0,0.0,-10.0,0.0,0.0
200,6.349645830215595,6.349645830215595,0.0,0.0,6.349645830215595,0.0,0.0,0.0,5.0,5.0,0.0,-10.0,0.0,-10.0,0.0,0.0
201,6.349787160474288,6.349787160474288,0.0,0.0,6.349787160474288,0.0,0.0,0.0,5.0,5.0,0.0,-10.0,0.0,-10.0,0.0,0.0
202,6.349975372170887,6.349975372170887,0.0,0.0,6.349975372170887,0.0,0.0,0.0,5.0,5.0,0.0,-10.0,0.0,-10.0,0.0,0.0
203,6.350613084946504,6.350613084946504,0.0,0.0,6.350613084946504,0.0,0.0,0.0,5.0,5.0,0.0,-10.0,0.0,-10.0,0.0,0.0
204,6.349410744979191,6.349410744979191,0.0,0.0,6.349410744979191,0.0,0.0,0.0,5.0,5.0,0.0,-10.0,0.0,-10.0,0.0,0.0
205,6.349735955585716,6.349735955585716,0.0,0.0,6.349735955585716,0.0,0.0,0.0,5.0,5.0,0.0,-10.0,0.0,-10.0,0.0,0.0
206,6.349638642733815,6.349638642733815,0.0,0.0,6.349638642733815,0.0,0.0,0.0,5.0,5.0,0.0,-10.0,0.0,-10.0,0.0,0.0
207,6.348785057298632,6.348785057298632,0.0,0.0,6.348785057298632,0.0,0.0,0.0,5.0,5.0,0.0,-10.0,0.0,-10.0,0.0,0.0
208,6.349578360796074,6.349578360796074,0.0,0.0,6.349578360796074,0.0,0.0,0.0,5.0,5.0,0.0,-10.0,0.0,-10.0,0.0,0.0
209,6.3498354169264895,6.3498354169264895,0.0,0.0,6.3498354169264895,0.0,0.0,0.0,5.0,5.0,0.0,-10.0,0.0,-10.0,0.0,0.0
210,6.350888850687603,6.350888850687603,0.0,0.0,6.350888850687603,0.0,0.0,0.0,5.0,5.0,0.0,-10.0,0.0,-10.0,0.0,0.0
211,6.350471391617018,6.350471391617018,0.0,0.0,6.350471391617018,0.0,0.0,0.0,5.0,5.0,0.0,-10.0,0.0,-10.0,0.0,0.0
212,6.350151111866564,6.350151111866564,0.0,0.0,6.350151111866564,0.0,0.0,0.0,5.0,5.0,0.0,-10.0,0.0,-10.0,0.0,0.0
213,6.350369065778677,6.350369065778677,0.0,0.0,6.350369065778677,0.0,0.0,0.0,5.0,5.0,0.0,-10.0,0.0,-10.0,0.0,0.0
214,6.350665882841862,6.350665882841862,0.0,0.0,6.350665882841862,0.0,0.0,0.0,5.0,5.0,0.0,-10.0,0.0,-10.0,0.0,0.0
215,6.349448486214505,6.349448486214505,0.0,0.0,6.349448486214505,0.0,0.0,0.0,5.0,5.0,0.0,-10.0,0.0,-10.0,0.0,0.0
216,6.350280429974882,6.350280429974882,0.0,0.0,6.350280429974882,0.0,0.0,0.0,5.0,5.0,0.0,-10.0,0.0,-10.0,0.0,0.0
217,6.350142675596554,6.350142675596554,0.0,0.0,6.350142675596554,0.0,0.0,0.0,5.0,5.0,0.0,-10.0,0.0,-10.0,0.0,0.0
218,6.349957108859985,6.349957108859985,0.0,0.0,6.349957108859985,0.0,0.0,0.0,5.0,5.0,0.0,-10.0,0.0,-10.0,0.0,0.0
219,6.3492655647228275,6.3492655647228275,0.0,0.0,6.3492655647228275,0.0,0.0,0.0,5.0,5.0,0.0,-10.0,0.0,-10.0,0.0,0.0
220,6.350130544566209,6.350130544566209,0.0,0.0,6.350130544566209,0.0,0.0,0.0,5.0,5.0,0.0,-10.0,0.0,-10.0,0.0,0.0
221,6.349697716770173,6.349697716770173,0.0,0.0,6.349697716770173,0.0,0.0,0.0,5.0,5.0,0.0,-10.0,0.0,-10.0,0.0,0.0
222,6.3494980555364045,6.3494980555364045,0.0,0.0,6.3494980555364045,0.0,0.0,0.0,5.0,5.0,0.0,-10.0,0.0,-10.0,0.0,0.0
223,6.350939101586288,6.350939101586288,0.0,0.0,6.350939101586288,0.0,0.0,0.0,5.0,5.0,0.0,-10.0,0.0,-10.0,0.0,0.0
224,6.3503052682113195,6.3503052682113195,0.0,0.0,6.3503052682113195,0.0,0.0,0.0,5.0,5.0,0.0,-10.0,0.0,-10.0,0.0,0.0
225,6.3497138068100485,6.3497138068100485,0.0,0.0,6.3497138068100485,0.0,0.0,0.0,5.0,5.0,0.0,-10.0,0.0,-10.0,0.0,0.0
226,6.348753438971665,6.348753438971665,0.0,0.0,6.348753438971665,0.0,0.0,0.0,5.0,5.0,0.0,-10.0,0.0,-10.0,0.0,0.0
227,6.3505933904877985,6.3505933904877985,0.0,0.0,6.3505933904877985,0.0,0.0,0.0,5.0,5.0,0.0,-10.0,0.0,-10.0,0.0,0.0
228,6.350034528788771,6.350034528788771,0.0,0.0,6.350034528788771,0.0,0.0,0.0,5.0,5.0,0.0,-10.0,0.0,-10.0,0.0,0.0
229,6.350066689001169,6.350066689001169,0.0,0.0,6.350066689001169,0.0,0.0,0.0,5.0,5.0,0.0,-10.0,0.0,-10.0,0.0,0.0
230,6.350414881432533,6.350414881432533,0.0,0.0,6.350414881432533,0.0,0.0,0.0,5.0,5.0,0.0,-10.0,0.0,-10.0,0.0,0.0
231,6.349561536577781,6.349561536577781,0.0,0.0,6.349561536577781,0.0,0.0,0.0,5.0,5.0,0.0,-10.0,0.0,-10.0,0.0,0.0
232,6.348401514845991,6.348401514845991,0.0,0.0,6.348401514845991,0.0,0.0,0.0,5.0,5.0,0.0,-10.0,0.0,-10.0,0.0,0.0
233,6.35055177733977,6.35055177733977,0.0,0.0,6.35055177733977,0.0,0.0,0.0,5.0,5.0,0.0,-10.0,0.0,-10.0,0.0,0.0
234,6.350093860547767,6.350093860547767,0.0,0.0,6.350093860547767,0.0,0.0,0.0,5.0,5.0,0.0,-10.0,0.0,-10.0,0.0,0.0
235,6.351072177901084,6.351072177901084,0.0,0.0,6.351072177901084,0.0,0.0,0.0,5.0,5.0,0.0,-10.0,0.0,-10.0,0.0,0.0
236,6.349769654840781,6.349769654840781,0.0,0.0,6.349769654840781,0.0,0.0,0.0,5.0,5.0,0.0,-10.0,0.0,-10.0,0.0,0.0
237,6.348979617129287,6.348979617129287,0.0,0.0,6.348979617129287,0.0,0.0,0.0,5.0,5.0,0.0,-10.0,0.0,-10.0,0.0,0.0
238,6.3493996004430855,6.3493996004430855,0.0,0.0,6.3493996004430855,0.0,0.0,0.0,5.0,5.0,0.0,-10.0,0.0,-10.0,0.0,0.0
239,6.35052319858034,6.35052319858034,0.0,0.0,6.35052319858034,0.0,0.0,0.0,5.0,5.0,0.0,-10.0,0.0,-10.0,0.0,0.0
240,6.349801001449009,6.349801001449009,0.0,0.0,6.349801001449009,0.0,0.0,0.0,5.0,5.0,0.0,-10.0,0.0,-10.0,0.0,0.0
241,6.350681216007362,6.350681216007362,0.0,0.0,6.350681216007362,0.0,0.0,0.0,5.0,5.0,0.0,-10.0,0.0,-10.0,0.0,0.0
242,6.348844151074802,6.348844151074802,0.0,0.0,6.348844151074802,0.0,0.0,0.0,5.0,5.0,0.0,-10.0,0.0,-10.0,0.0,0.0
243,6.350347529856375,6.350347529856375,0.0,0.0,6.350347529856375,0.0,0.0,0.0,5.0,5.0,0.0,-10.0,0.0,-10.0,0.0,0.0
244,6.350824686455832,6.350824686455832,0.0,0.0,6.350824686455832,0.0,0.0,0.0,5.0,5.0,0.0,-10.0,0.0,-10.0,0.0,0.0
245,6.34981693424992,6.34981693424992,0.0,0.0,6.34981693424992,0.0,0.0,0.0,5.0,5.0,0.0,-10.0,0.0,-10.0,0.0,0.0
246,6.351142001600928,6.351142001600928,0.0,0.0,6.351142001600928,0.0,0.0,0.0,5.0,5.0,0.0,-10.0,0.0,-10.0,0.0,0.0
247,6.350328768244228,6.350328768244228,0.0,0.0,6.350328768244228,0.0,0.0,0.0,5.0,5.0,0.0,-10.0,0.0,-10.0,0.0,0.0
248,6.34981373108264,6.34981373108264,0.0,0.0,6.34981373108264,0.0,0.0,0.0,5.0,5.0,0.0,-10.0,0.0,-10.0,0.0,0.0
249,6.348756339438828,6.348756339438828,0.0,0.0,6.348756339438828,0.0,0.0,0.0,5.0,5.0,0.0,-10.0,0.0,-10.0,0.0,0.0
250,6.3507463573754706,6.3507463573754706,0.0,0.0,6.3507463573754706,0.0,0.0,0.0,5.0,5.0,0.0,-10.0,0.0,-10.0,0.0,0.0
251,6.349451934478498,6.349451934478498,0.0,0.0,6.349451934478498,0.0,0.0,0.0,5.0,5.0,0.0,-10.0,0.0,-10.0,0.0,0.0
252,6.349469899739256,6.349469899739256,0.0,0.0,6.349469899739256,0.0,0.0,0.0,5.0,5.0,0.0,-10.0,0.0,-10.0,0.0,0.0
253,6.348469927129519,6.348469927129519,0.0,0.0,6.348469927129519,0.0,0.0,0.0,5.0,5.0,0.0,-10.0,0.0,-10.0,0.0,0.0
254,6.350465043114191,6.350465043114191,0.0,0.0,6.350465043114191,0.0,0.0,0.0,5.0,5.0,0.0,-10.0,0.0,-10.0,0.0,0.0
255,6.350102772171642,6.350102772171642,0.0,0.0,6.350102772171642,0.0,0.0,0.0,5.0,5.0,0.0,-10.0,0.0,-10.0,0.0,0.0
256,6.349423017480949,6.349423017480949,0.0,0.0,6.349423017480949,0.0,0.0,0.0,5.0,5.0,0.0,-10.0,0.0,-10.0,0.0,0.0
257,6.349942559498158,6.349942559498158,0.0,0.0,6.349942559498158,0.0,0.0,0.0,5.0,5.0,0.0,-10.0,0.0,-10.0,0.0,0.0
258,6.3498225423253585,6.3498225423253585,0.0,0.0,6.3498225423253585,0.0,0.0,0.0,5.0,5.0,0.0,-10.0,0.0,-10.0,0.0,0.0
259,6.350737783181271,6.350737783181271,0.0,0.0,6.350737783181271,0.0,0.0,0.0,5.0,5.0,0.0,-10.0,0.0,-10.0,0.0,0.0
260,6.350250418176647,6.350250418176647,0.0,0.0,6.350250418176647,0.0,0.0,0.0,5.0,5.0,0.0,-10.0,0.0,-10.0,0.0,0.0
261,6.3498253429226335,6.3498253429226335,0.0,0.0,6.3498253429226335,0.0,0.0,0.0,5.0,5.0,0.0,-10.0,0.0,-10.0,0.0,0.0
262,6.349126597584107,6.349126597584107,0.0,0.0,6.349126597584107,0.0,0.0,0.0,5.0,5.0,0.0,-10.0,0.0,-10.0,0.0,0.0
263,6.348835051832755,6.348835051832755,0.0,0.0,6.348835051832755,0.0,0.0,0.0,5.0,5.0,0.0,-10.0,0.0,-10.0,0.0,0.0
264,6.349803906584331,6.349803906584331,0.0,0.0,6.349803906584331,0.0,0.0,0.0,5.0,5.0,0.0,-10.0,0.0,-10.0,0.0,0.0
265,6.349605185058549,6.349605185058549,0.0,0.0,6.349605185058549,0.0,0.0,0.0,5.0,5.0,0.0,-10.0,0.0,-10.0,0.0,0.0
266,6.349403417999822,6.349403417999822,0.0,0.0,6.349403417999822,0.0,0.0,0.0,5.0,5.0,0.0,-10.0,0.0,-10.0,0.0,0.0
267,6.3514352248941695,6.3514352248941695,0.0,0.0,6.3514352248941695,0.0,0.0,0.0,5.0,5.0,0.0,-10.0,0.0,-10.0,0.0,0.0
268,6.350854739327961,6.350854739327961,0.0,0.0,6.350854739327961,0.0,0.0,0.0,5.0,5.0,0.0,-10.0,0.0,-10.0,0.0,0.0
269,6.350235582834965,6.350235582834965,0.0,0.0,6.350235582834965,0.0,0.0,0.0,5.0,5.0,0.0,-10.0,0.0,-10.0,0.0,0.0
270,6.351001795473056,6.351001795473056,0.0,0.0,6.351001795473056,0.0,0.0,0.0,5.0,5.0,0.0,-10.0,0.0,-10.0,0.0,0.0
271,6.350445405347991,6.350445405347991,0.0,0.0,6.350445405347991,0.0,0.0,0.0,5.0,5.0,0.0,-10.0,0.0,-10.0,0.0,0.0
272,6.349307646180074,6.349307646180074,0.0,0.0,6.349307646180074,0.0,0.0,0.0,5.0,5.0,0.0,-10.0,0.0,-10.0,0.0,0.0
273,6.350132589438434,6.350132589438434,0.0,0.0,6.350132589438434,0.0,0.0,0.0,5.0,5.0,0.0,-10.0,0.0,-10.0,0.0,0.0
274,6.349475620735767,6.349475620735767,0.0,0.0,6.349475620735767,0.0,0.0,0.0,5.0,5.0,0.0,-10.0,0.0,-10.0,0.0,0.0
275,6.349193432617811,6.349193432617811,0.0,0.0,6.349193432617811,0.0,0.0,0.0,5.0,5.0,0.0,-10.0,0.0,-10.0,0.0,0.0
276,6.35050641821984,6.35050641821984,0.0,0.0,6.35050641821984,0.0,0.0,0.0,5.0,5.0,0.0,-10.0,0.0,-10.0,0.0,0.0
277,6.349747826054755,6.349747826054755,0.0,0.0,6.349747826054755,0.0,0.0,0.0,5.0,5.0,0.0,-10.0,0.0,-10.0,0.0,0.0
278,6.349179028157335,6.349179028157335,0.0,0.0,6.349179028157335,0.0,0.0,0.0,5.0,5.0,0.0,-10.0,0.0,-10.0,0.0,0.0
279,6.349802824764434,6.349802824764434,0.0,0.0,6.349802824764434,0.0,0.0,0.0,5.0,5.0,0.0,-10.0,0.0,-10.0,0.0,0.0
280,6.35054800488664,6.35054800488664,0.0,0.0,6.35054800488664,0.0,0.0,0.0,5.0,5.0,0.0,-10.0,0.0,-10.0,0.0,0.0
281,6.350377518260678,6.350377518260678,0.0,0.0,6.350377518260678,0.0,0.0,0.0,5.0,5.0,0.0,-10.0,0.0,-10.0,0.0,0.0
282,6.350653178770593,6.350653178770593,0.0,0.0,6.350653178770593,0.0,0.0,0.0,5.0,5.0,0.0,-10.0,0.0,-10.0,0.0,0.0
283,6.349286742217156,6.349286742217156,0.0,0.0,6.349286742217156,0.0,0.0,0.0,5.0,5.0,0.0,-10.0,0.0,-10.0,0.0,0.0
284,6.350313343286751,6.350313343286751,0.0,0.0,6.350313343286751,0.0,0.0,0.0,5.0,5.0,0.0,-10.0,0.0,-10.0,0.0,0.0
285,6.351845354130424,6.351845354130424,0.0,0.0,6.351845354130424,0.0,0.0,0.0,5.0,5.0,0.0,-10.0,0.0,-10.0,0.0,0.0
286,6.351350752312291,6.351350752312291,0.0,0.0,6.351350752312291,0.0,0.0,0.0,5.0,5.0,0.0,-10.0,0.0,-10.0,0.0,0.0
287,6.350049309179404,6.350049309179404,0.0,0.0,6.350049309179404,0.0,0.0,0.0,5.0,5.0,0.0,-10.0,0.0,-10.0,0.0,0.0
288,6.3505736996075,6.3505736996075,0.0,0.0,6.3505736996075,0.0,0.0,0.0,5.0,5.0,0.0,-10.0,0.0,-10.0,0.0,0.0
289,6.350156728256522,6.350156728256522,0.0,0.0,6.350156728256522,0.0,0.0,0.0,5.0,5.0,0.0,-10.0,0.0,-10.0,0.0,0.0
290,6.349743732064154,6.349743732064154,0.0,0.0,6.349743732064154,0.0,0.0,0.0,5.0,5.0,0.0,-10.0,0.0,-10.0,0.0,0.0
291,6.350820704616696,6.350820704616696,0.0,0.0,6.350820704616696,0.0,0.0,0.0,5.0,5.0,0.0,-10.0,0.0,-10.0,0.0,0.0
292,6.349029196650685,6.349029196650685,0.0,0.0,6.349029196650685,0.0,0.0,0.0,5.0,5.0,0.0,-10.0,0.0,-10.0,0.0,0.0
293,6.349844861985635,6.349844861985635,0.0,0.0,6.349844861985635,0.0,0.0,0.0,5.0,5.0,0.0,-10.0,0.0,-10.0,0.0,0.0
294,6.350891859195461,6.350891859195461,0.0,0.0,6.350891859195461,0.0,0.0,0.0,5.0,5.0,0.0,-10.0,0.0,-10.0,0.0,0.0
295,6.350120266077516,6.350120266077516,0.0,0.0,6.350120266077516,0.0,0.0,0.0,5.0,5.0,0.0,-10.0,0.0,-10.0,0.0,0.0
296,6.349645654373881,6.349645654373881,0.0,0.0,6.349645654373881,0.0,0.0,0.0,5.0,5.0,0.0,-10.0,0.0,-10.0,0.0,0.0
297,6.350012230049996,6.350012230049996,0.0,0.0,6.350012230049996,0.0,0.0,0.0,5.0,5.0,0.0,-10.0,0.0,-10.0,0.0,0.0
298,6.350009506507685,6.350009506507685,0.0,0.0,6.350009506507685,0.0,0.0,0.0,5.0,5.0,0.0,-10.0,0.0,-10.0,0.0,0.0
299,6.349934958736499,6.349934958736499,0.0,0.0,6.349934958736499,0.0,0.0,0.0,5.0,5.0,0.0,-10.0,0.0,-10.0,0.0,0.0
300,6.3508135498468,6.3508135498468,0.0,0.0,6.3508135498468,0.0,0.0,0.0,5.0,5.0,0.0,-10.0,0.0,-10.0,0.0,0.0
301,6.350926205691731,6.350926205691731,0.0,0.0,6.350926205691731,0.0,0.0,0.0,5.0,5.0,0.0,-10.0,0.0,-10.0,0.0,0.0
302,6.351167595965826,6.351167595965826,0.0,0.0,6.351167595965826,0.0,0.0,0.0,5.0,5.0,0.0,-10.0,0.0,-10.0,0.0,0.0
303,6.350845838749748,6.350845838749748,0.0,0.0,6.350845838749748,0.0,0.0,0.0,5.0,5.0,0.0,-10.0,0.0,-10.0,0.0,0.0
304,6.350262964347378,6.350262964347378,0.0,0.0,6.350262964347378,0.0,0.0,0.0,5.0,5.0,0.0,-10.0,0.0,-10.0,0.0,0.0
305,6.349950859622275,6.349950859622275,0.0,0.0,6.349950859622275,0.0,0.0,0.0,5.0,5.0,0.0,-10.0,0.0,-10.0,0.0,0.0
306,6.349298674458864,6.349298674458864,0.0,0.0,6.349298674458864,0.0,0.0,0.0,5.0,5.0,0.0,-10.0,0.0,-10.0,0.0,0.0
307,6.350676712761843,6.350676712761843,0.0,0.0,6.350676712761843,0.0,0.0,0.0,5.0,5.0,0.0,-10.0,0.0,-10.0,0.0,0.0
308,6.349426951789633,6.349426951789633,0.0,0.0,6.349426951789633,0.0,0.0,0.0,5.0,5.0,0.0,-10.0,0.0,-10.0,0.0,0.0
309,6.349322583122399,6.349322583122399,0.0,0.0,6.349322583122399,0.0,0.0,0.0,5.0,5.0,0.0,-10.0,0.0,-10.0,0.0,0.0
310,6.34968852104009,6.34968852104009,0.0,0.0,6.34968852104009,0.0,0.0,0.0,5.0,5.0,0.0,-10.0,0.0,-10.0,0.0,0.0
311,6.349951480850754,6.349951480850754,0.0,0.0,6.349951480850754,0.0,0.0,0.0,5.0,5.0,0.0,-10.0,0.0,-10.0,0.0,0.0
312,6.350000358176053,6.350000358176053,0.0,0.0,6.350000358176053,0.0,0.0,0.0,5.0,5.0,0.0,-10.0,0.0,-10.0,0.0,0.0
313,6.349510506717545,6.349510506717545,0.0,0.0,6.349510506717545,0.0,0.0,0.0,5.0,5.0,0.0,-10.0,0.0,-10.0,0.0,0.0
314,6.350831566775824,6.350831566775824,0.0,0.0,6.350831566775824,0.0,0.0,0.0,5.0,5.0,0.0,-10.0,0.0,-10.0,0.0,0.0
315,6.348409810245468,6.348409810245468,0.0,0.0,6.348409810245468,0.0,0.0,0.0,5.0,5.0,0.0,-10.0,0.0,-10.0,0.0,0.0
316,6.350232131871441,6.350232131871441,0.0,0.0,6.350232131871441,0.0,0.0,0.0,5.0,5.0,0.0,-10.0,0.0,-10.0,0.0,0.0
317,6.349478551661594,6.349478551661594,0.0,0.0,6.349478551661594,0.0,0.0,0.0,5.0,5.0,0.0,-10.0,0.0,-10.0,0.0,0.0
318,6.351169086300414,6.351169086300414,0.0,0.0,6.351169086300414,0.0,0.0,0.0,5.0,5.0,0.0,-10.0,0.0,-10.0,0.0,0.0
319,6.35139131400781,6.35139131400781,0.0,0.0,6.35139131400781,0.0,0.0,0.0,5.0,5.0,0.0,-10.0,0.0,-10.0,0.0,0.0
320,6.351099645419319,6.351099645419319,0.0,0.0,6.351099645419319,0.0,0.0,0.0,5.0,5.0,0.0,-10.0,0.0,-10.0,0.0,0.0
321,6.350240426629914,6.350240426629914,0.0,0.0,6.350240426629914,0.0,0.0,0.0,5.0,5.0,0.0,-10.0,0.0,-10.0,0.0,0.0
322,6.350112055258719,6.350112055258719,0.0,0.0,6.350112055258719,0.0,0.0,0.0,5.0,5.0,0.0,-10.0,0.0,-10.0,0.0,0.0
323,6.351189631891361,6.351189631891361,0.0,0.0,6.351189631891361,0.0,0.0,0.0,5.0,5.0,0.0,-10.0,0.0,-10.0,0.0,0.0
324,6.350645885324441,6.350645885324441,0.0,0.0,6.350645885324441,0.0,0.0,0.0,5.0,5.0,0.0,-10.0,0.0,-10.0,0.0,0.0
325,6.350408236308886,6.350408236308886,0.0,0.0,6.350408236308886,0.0,0.0,0.0,5.0,5.0,0.0,-10.0,0.0,-10.0,0.0,0.0
326,6.349738588283631,6.349738588283631,0.0,0.0,6.349738588283631,0.0,0.0,0.0,5.0,5.0,0.0,-10.0,0.0,-10.0,0.0,0.0
327,6.350152589857427,6.350152589857427,0.0,0.0,6.350152589857427,0.0,0.0,0.0,5.0,5.0,0.0,-10.0,0.0,-10.0,0.0,0.0
328,6.351147384862757,6.351147384862757,0.0,0.0,6.351147384862757,0.0,0.0,0.0,5.0,5.0,0.0,-10.0,0.0,-10.0,0.0,0.0
329,6.349098711406885,6.349098711406885,0.0,0.0,6.349098711406885,0.0,0.0,0.0,5.0,5.0,0.0,-10.0,0.0,-10.0,0.0,0.0
330,6.349410039438879,6.349410039438879,0.0,0.0,6.349410039438879,0.0,0.0,0.0,5.0,5.0,0.0,-10.0,0.0,-10.0,0.0,0.0
331,6.3503270248935735,6.3503270248935735,0.0,0.0,6.3503270248935735,0.0,0.0,0.0,5.0,5.0,0.0,-10.0,0.0,-10.0,0.0,0.0
332,6.350730550082324,6.350730550082324,0.0,0.0,6.350730550082324,0.0,0.0,0.0,5.0,5.0,0.0,-10.0,0.0,-10.0,0.0,0.0
333,6.350253344059956,6.350253344059956,0.0,0.0,6.350253344059956,0.0,0.0,0.0,5.0,5.0,0.0,-10.0,0.0,-10.0,0.0,0.0
334,6.349270479464191,6.349270479464191,0.0,0.0,6.349270479464191,0.0,0.0,0.0,5.0,5.0,0.0,-10.0,0.0,-10.0,0.0,0.0
335,6.349821040735149,6.349821040735149,0.0,0.0,6.349821040735149,0.0,0.0,0.0,5.0,5.0,0.0,-10.0,0.0,-10.0,0.0,0.0
336,6.350224490176341,6.350224490176341,0.0,0.0,6.350224490176341,0.0,0.0,0.0,5.0,5.0,0.0,-10.0,0.0,-10.0,0.0,0.0
337,6.34970844925983,6.34970844925983,0.0,0.0,6.34970844925983,0.0,0.0,0.0,5.0,5.0,0.0,-10.0,0.0,-10.0,0.0,0.0
338,6.350249861773298,6.350249861773298,0.0,0.0,6.350249861773298,0.0,0.0,0.0,5.0,5.0,0.0,-10.0,0.0,-10.0,0.0,0.0
339,6.348487602537072,6.348487602537072,0.0,0.0,6.348487602537072,0.0,0.0,0.0,5.0,5.0,0.0,-10.0,0.0,-10.0,0.0,0.0
340,6.349679580198563,6.349679580198563,0.0,0.0,6.349679580198563,0.0,0.0,0.0,5.0,5.0,0.0,-10.0,0.0,-10.0,0.0,0.0
341,6.349589960021883,6.349589960021883,0.0,0.0,6.349589960021883,0.0,0.0,0.0,5.0,5.0,0.0,-10.0,0.0,-10.0,0.0,0.0
342,6.349700212423858,6.349700212423858,0.0,0.0,6.349700212423858,0.0,0.0,0.0,5.0,5.0,0.0,-10.0,0.0,-10.0,0.0,0.0
343,6.349647461136668,6.349647461136668,0.0,0.0,6.349647461136668,0.0,0.0,0.0,5.0,5.0,0.0,-10.0,0.0,-10.0,0.0,0.0
344,6.350229499864758,6.350229499864758,0.0,0.0,6.350229499864758,0.0,0.0,0.0,5.0,5.0,0.0,-10.0,0.0,-10.0,0.0,0.0
345,6.349988443409766,6.349988443409766,0.0,0.0,6.349988443409766,0.0,0.0,0.0,5.0,5.0,0.0,-10.0,0.0,-10.0,0.0,0.0
346,6.349941270870944,6.349941270870944,0.0,0.0,6.349941270870944,0.0,0.0,0.0,5.0,5.0,0.0,-10.0,0.0,-10.0,0.0,0.0
347,6.350093540816348,6.350093540816348,0.0,0.0,6.350093540816348,0.0,0.0,0.0,5.0,5.0,0.0,-10.0,0.0,-10.0,0.0,0.0
348,6.349726995615053,6.349726995615053,0.0,0.0,6.349726995615053,0.0,0.0,0.0,5.0,5.0,0.0,-10.0,0.0,-10.0,0.0,0.0
349,6.350446621987986,6.350446621987986,0.0,0.0,6.350446621987986,0.0,0.0,0.0,5.0,5.0,0.0,-10.0,0.0,-10.0,0.0,0.0
350,6.349164248528409,6.349164248528409,0.0,0.0,6.349164248528409,0.0,0.0,0.0,5.0,5.0,0.0,-10.0,0.0,-10.0,0.0,0.0
351,6.348900441839517,6.348900441839517,0.0,0.0,6.348900441839517,0.0,0.0,0.0,5.0,5.0,0.0,-10.0,0.0,-10.0,0.0,0.0
352,6.350203097330908,6.350203097330908,0.0,0.0,6.350203097330908,0.0,0.0,0.0,5.0,5.0,0.0,-10.0,0.0,-10.0,0.0,0.0
353,6.350352266658688,6.350352266658688,0.0,0.0,6.350352266658688,0.0,0.0,0.0,5.0,5.0,0.0,-10.0,0.0,-10.0,0.0,0.0
354,6.350324056355498,6.350324056355498,0.0,0.0,6.350324056355498,0.0,0.0,0.0,5.0,5.0,0.0,-10.0,0.0,-10.0,0.0,0.0
355,6.3509283170850015,6.3509283170850015,0.0,0.0,6.3509283170850015,0.0,0.0,0.0,5.0,5.0,0.0,-10.0,0.0,-10.0,0.0,0.0
356,6.3493952618226155,6.3493952618226155,0.0,0.0,6.3493952618226155,0.0,0.0,0.0,5.0,5.0,0.0,-10.0,0.0,-10.0,0.0,0.0
357,6.349869728438422,6.349869728438422,0.0,0.0,6.349869728438422,0.0,0.0,0.0,5.0,5.0,0.0,-10.0,0.0,-10.0,0.0,0.0
358,6.350557529372955,6.350557529372955,0.0,0.0,6.350557529372955,0.0,0.0,0.0,5.0,5.0,0.0,-10.0,0.0,-10.0,0.0,0.0
359,6.349424258058118,6.349424258058118,0.0,0.0,6.349424258058118,0.0,0.0,0.0,5.0,5.0,0.0,-10.0,0.0,-10.0,0.0,0.0
360,6.350436495623178,6.350436495623178,0.0,0.0,6.350436495623178,0.0,0.0,0.0,5.0,5.0,0.0,-10.0,0.0,-10.0,0.0,0.0
361,6.349892623106579,6.349892623106579,0.0,0.0,6.349892623106579,0.0,0.0,0.0,5.0,5.0,0.0,-10.0,0.0,-10.0,0.0,0.0
362,6.351135502788577,6.351135502788577,0.0,0.0,6.351135502788577,0.0,0.0,0.0,5.0,5.0,0.0,-10.0,0.0,-10.0,0.0,0.0
363,6.350176059500955,6.350176059500955,0.0,0.0,6.350176059500955,0.0,0.0,0.0,5.0,5.0,0.0,-10.0,0.0,-10.0,0.0,0.0
364,6.3499393933995085,6.3499393933995085,0.0,0.0,6.3499393933995085,0.0,0.0,0.0,5.0,5.0,0.0,-10.0,0.0,-10.0,0.0,0.0
365,6.3495436462672314,6.3495436462672314,0.0,0.0,6.3495436462672314,0.0,0.0,0.0,5.0,5.0,0.0,-10.0,0.0,-10.0,0.0,0.0
366,6.348997431814422,6.348997431814422,0.0,0.0,6.348997431814422,0.0,0.0,0.0,5.0,5.0,0.0,-10.0,0.0,-10.0,0.0,0.0
367,6.351369772660964,6.351369772660964,0.0,0.0,6.351369772660964,0.0,0.0,0.0,5.0,5.0,0.0,-10.0,0.0,-10.0,0.0,0.0
368,6.3501951942897445,6.3501951942897445,0.0,0.0,6.3501951942897445,0.0,0.0,0.0,5.0,5.0,0.0,-10.0,0.0,-10.0,0.0,0.0
369,6.349632445228458,6.349632445228458,0.0,0.0,6.349632445228458,0.0,0.0,0.0,5.0,5.0,0.0,-10.0,0.0,-10.0,0.0,0.0
370,6.349917855667019,6.349917855667019,0.0,0.0,6.349917855667019,0.0,0.0,0.0,5.0,5.0,0.0,-10.0,0.0,-10.0,0.0,0.0
371,6.351458221555464,6.351458221555464,0.0,0.0,6.351458221555464,0.0,0.0,0.0,5.0,5.0,0.0,-10.0,0.0,-10.0,0.0,0.0
372,6.350246538356629,6.350246538356629,0.0,0.0,6.350246538356629,0.0,0.0,0.0,5.0,5.0,0.0,-10.0,0.0,-10.0,0.0,0.0
373,6.3501032711995355,6.3501032711995355,0.0,0.0,6.3501032711995355,0.0,0.0,0.0,5.0,5.0,0.0,-10.0,0.0,-10.0,0.0,0.0
374,6.3502481430998605,6.3502481430998605,0.0,0.0,6.3502481430998605,0.0,0.0,0.0,5.0,5.0,0.0,-10.0,0.0,-10.0,0.0,0.0
375,6.350690176539371,6.350690176539371,0.0,0.0,6.350690176539371,0.0,0.0,0.0,5.0,5.0,0.0,-10.0,0.0,-10.0,0.0,0.0
376,6.349859171797659,6.349859171797659,0.0,0.0,6.349859171797659,0.0,0.0,0.0,5.0,5.0,0.0,-10.0,0.0,-10.0,0.0,0.0
377,6.351332643543421,6.351332643543421,0.0,0.0,6.351332643543421,0.0,0.0,0.0,5.0,5.0,0.0,-10.0,0.0,-10.0,0.0,0.0
378,6.351192343225951,6.351192343225951,0.0,0.0,6.351192343225951,0.0,0.0,0.0,5.0,5.0,0.0,-10.0,0.0,-10.0,0.0,0.0
379,6.350420578623463,6.350420578623463,0.0,0.0,6.350420578623463,0.0,0.0,0.0,5.0,5.0,0.0,-10.0,0.0,-10.0,0.0,0.0
380,6.3504469141492175,6.3504469141492175,0.0,0.0,6.3504469141492175,0.0,0.0,0.0,5.0,5.0,0.0,-10.0,0.0,-10.0,0.0,0.0
381,6.35078773785155,6.35078773785155,0.0,0.0,6.35078773785155,0.0,0.0,0.0,5.0,5.0,0.0,-10.0,0.0,-10.0,0.0,0.0
382,6.350414345975735,6.350414345975735,0.0,0.0,6.350414345975735,0.0,0.0,0.0,5.0,5.0,0.0,-10.0,0.0,-10.0,0.0,0.0
383,6.350671056323438,6.350671056323438,0.0,0.0,6.350671056323438,0.0,0.0,0.0,5.0,5.0,0.0,-10.0,0.0,-10.0,0.0,0.0
384,6.350349656305968,6.350349656305968,0.0,0.0,6.350349656305968,0.0,0.0,0.0,5.0,5.0,0.0,-10.0,0.0,-10.0,0.0,0.0
385,6.348668711710789,6.348668711710789,0.0,0.0,6.348668711710789,0.0,0.0,0.0,5.0,5.0,0.0,-10.0,0.0,-10.0,0.0,0.0
386,6.350999236574108,6.350999236574108,0.0,0.0,6.350999236574108,0.0,0.0,0.0,5.0,5.0,0.0,-10.0,0.0,-10.0,0.0,0.0
387,6.349993242357661,6.349993242357661,0.0,0.0,6.349993242357661,0.0,0.0,0.0,5.0,5.0,0.0,-10.0,0.0,-10.0,0.0,0.0
388,6.350286196420105,6.350286196420105,0.0,0.0,6.350286196420105,0.0,0.0,0.0,5.0,5.0,0.0,-10.0,0.0,-10.0,0.0,0.0
389,6.350638465882066,6.350638465882066,0.0,0.0,6.350638465882066,0.0,0.0,0.0,5.0,5.0,0.0,-10.0,0.0,-10.0,0.0,0.0
390,6.349609205245285,6.349609205245285,0.0,0.0,6.349609205245285,0.0,0.0,0.0,5.0,5.0,0.0,-10.0,0.0,-10.0,0.0,0.0
391,6.348638610320056,6.348638610320056,0.0,0.0,6.348638610320056,0.0,0.0,0.0,5.0,5.0,0.0,-10.0,0.0,-10.0,0.0,0.0
392,6.350327540413361,6.350327540413361,0.0,0.0,6.350327540413361,0.0,0.0,0.0,5.0,5.0,0.0,-10.0,0.0,-10.0,0.0,0.0
393,6.350507951160102,6.350507951160102,0.0,0.0,6.350507951160102,0.0,0.0,0.0,5.0,5.0,0.0,-10.0,0.0,-10.0,0.0,0.0
394,6.35027800699496,6.35027800699496,0.0,0.0,6.35027800699496,0.0,0.0,0.0,5.0,5.0,0.0,-10.0,0.0,-10.0,0.0,0.0
395,6.349137714386955,6.349137714386955,0.0,0.0,6.349137714386955,0.0,0.0,0.0,5.0,5.0,0.0,-10.0,0.0,-10.0,0.0,0.0
396,6.349398143559616,6.349398143559616,0.0,0.0,6.349398143559616,0.0,0.0,0.0,5.0,5.0,0.0,-10.0,0.0,-10.0,0.0,0.0
397,6.349742942327246,6.349742942327246,0.0,0.0,6.349742942327246,0.0,0.0,0.0,5.0,5.0,0.0,-10.0,0.0,-10.0,0.0,0.0
398,6.349821816603023,6.349821816603023,0.0,0.0,6.349821816603023,0.0,0.0,0.0,5.0,5.0,0.0,-10.0,0.0,-10.0,0.0,0.0
399,6.350914180527498,6.350914180527498,0.0,0.0,6.350914180527498,0.0,0.0,0.0,5.0,5.0,0.0,-10.0,0.0,-10.0,0.0,0.0
400,6.349428243716235,6.349428243716235,0.0,0.0,6.349428243716235,0.0,0.0,0.0,5.0,5.0,0.0,-10.0,0.0,-10.0,0.0,0.0
401,6.349958808301686,6.349958808301686,0.0,0.0,6.349958808301686,0.0,0.0,0.0,5.0,5.0,0.0,-10.0,0.0,-10.0,0.0,0.0
402,6.350137654183214,6.350137654183214,0.0,0.0,6.350137654183214,0.0,0.0,0.0,5.0,5.0,0.0,-10.0,0.0,-10.0,0.0,0.0
403,6.34951128523969,6.34951128523969,0.0,0.0,6.34951128523969,0.0,0.0,0.0,5.0,5.0,0.0,-10.0,0.0,-10.0,0.0,0.0
404,6.349826329200176,6.349826329200176,0.0,0.0,6.349826329200176,0.0,0.0,0.0,5.0,5.0,0.0,-10.0,0.0,-10.0,0.0,0.0
405,6.350933789019575,6.350933789019575,0.0,0.0,6.350933789019575,0.0,0.0,0.0,5.0,5.0,0.0,-10.0,0.0,-10.0,0.0,0.0
406,6.35093086883219,6.35093086883219,0.0,0.0,6.35093086883219,0.0,0.0,0.0,5.0,5.0,0.0,-10.0,0.0,-10.0,0.0,0.0
407,6.350540869893156,6.350540869893156,0.0,0.0,6.350540869893156,0.0,0.0,0.0,5.0,5.0,0.0,-10.0,0.0,-10.0,0.0,0.0
408,6.350667806915149,6.350667806915149,0.0,0.0,6.350667806915149,0.0,0.0,0.0,5.0,5.0,0.0,-10.0,0.0,-10.0,0.0,0.0
409,6.349255951217271,6.349255951217271,0.0,0.0,6.349255951217271,0.0,0.0,0.0,5.0,5.0,0.0,-10.0,0.0,-10.0,0.0,0.0
410,6.350978905073992,6.350978905073992,0.0,0.0,6.350978905073992,0.0,0.0,0.0,5.0,5.0,0.0,-10.0,0.0,-10.0,0.0,0.0
411,6.349696405225639,6.349696405225639,0.0,0.0,6.349696405225639,0.0,0.0,0.0,5.0,5.0,0.0,-10.0,0.0,-10.0,0.0,0.0
412,6.349509653794981,6.349509653794981,0.0,0.0,6.349509653794981,0.0,0.0,0.0,5.0,5.0,0.0,-10.0,0.0,-10.0,0.0,0.0
413,6.35016842171855,6.35016842171855,0.0,0.0,6.35016842171855,0.0,0.0,0.0,5.0,5.0,0.0,-10.0,0.0,-10.0,0.0,0.0
414,6.3492197894561775,6.3492197894561775,0.0,0.0,6.3492197894561775,0.0,0.0,0.0,5.0,5.0,0.0,-10.0,0.0,-10.0,0.0,0.0
415,6.349527988426125,6.349527988426125,0.0,0.0,6.349527988426125,0.0,0.0,0.0,5.0,5.0,0.0,-10.0,0.0,-10.0,0.0,0.0
416,6.350275154949513,6.350275154949513,0.0,0.0,6.350275154949513,0.0,0.0,0.0,5.0,5.0,0.0,-10.0,0.0,-10.0,0.0,0.0
417,6.349105123353045,6.349105123353045,0.0,0.0,6.349105123353045,0.0,0.0,0.0,5.0,5.0,0.0,-10.0,0.0,-10.0,0.0,0.0
418,6.3505015968855085,6.3505015968855085,0.0,0.0,6.3505015968855085,0.0,0.0,0.0,5.0,5.0,0.0,-10.0,0.0,-10.0,0.0,0.0
419,6.349424117627748,6.349424117627748,0.0,0.0,6.349424117627748,0.0,0.0,0.0,5.0,5.0,0.0,-10.0,0.0,-10.0,0.0,0.0
420,6.349675006924931,6.349675006924931,0.0,0.0,6.349675006924931,0.0,0.0,0.0,5.0,5.0,0.0,-10.0,0.0,-10.0,0.0,0.0
421,6.350102029791147,6.350102029791147,0.0,0.0,6.350102029791147,0.0,0.0,0.0,5.0,5.0,0.0,-10.0,0.0,-10.0,0.0,0.0
422,6.349939953387579,6.349939953387579,0.0,0.0,6.349939953387579,0.0,0.0,0.0,5.0,5.0,0.0,-10.0,0.0,-10.0,0.0,0.0
423,6.349528141084745,6.349528141084745,0.0,0.0,6.349528141084745,0.0,0.0,0.0,5.0,5.0,0.0,-10.0,0.0,-10.0,0.0,0.0
424,6.349194035127936,6.349194035127936,0.0,0.0,6.349194035127936,0.0,0.0,0.0,5.0,5.0,0.0,-10.0,0.0,-10.0,0.0,0.0
425,6.349616186548798,6.349616186548798,0.0,0.0,6.349616186548798,0.0,0.0,0.0,5.0,5.0,0.0,-10.0,0.0,-10.0,0.0,0.0
426,6.351815970100555,6.351815970100555,0.0,0.0,6.351815970100555,0.0,0.0,0.0,5.0,5.0,0.0,-10.0,0.0,-10.0,0.0,0.0
427,6.349832611294334,6.349832611294334,0.0,0.0,6.349832611294334,0.0,0.0,0.0,5.0,5.0,0.0,-10.0,0.0,-10.0,0.0,0.0
428,6.348761923544738,6.348761923544738,0.0,0.0,6.348761923544738,0.0,0.0,0.0,5.0,5.0,0.0,-10.0,0.0,-10.0,0.0,0.0
429,6.34995953055132,6.34995953055132,0.0,0.0,6.34995953055132,0.0,0.0,0.0,5.0,5.0,0.0,-10.0,0.0,-10.0,0.0,0.0
430,6.350793225205503,6.350793225205503,0.0,0.0,6.350793225205503,0.0,0.0,0.0,5.0,5.0,0.0,-10.0,0.0,-10.0,0.0,0.0
431,6.349539242584957,6.349539242584957,0.0,0.0,6.349539242584957,0.0,0.0,0.0,5.0,5.0,0.0,-10.0,0.0,-10.0,0.0,0.0
432,6.350222610129596,6.350222610129596,0.0,0.0,6.350222610129596,0.0,0.0,0.0,5.0,5.0,0.0,-10.0,0.0,-10.0,0.0,0.0
433,6.3510064343436685,6.3510064343436685,0.0,0.0,6.3510064343436685,0.0,0.0,0.0,5.0,5.0,0.0,-10.0,0.0,-10.0,0.0,0.0
434,6.350905480381499,6.350905480381499,0.0,0.0,6.350905480381499,0.0,0.0,0.0,5.0,5.0,0.0,-10.0,0.0,-10.0,0.0,0.0
435,6.350220587996634,6.350220587996634,0.0,0.0,6.350220587996634,0.0,0.0,0.0,5.0,5.0,0.0,-10.0,0.0,-10.0,0.0,0.0
436,6.349950975082651,6.349950975082651,0.0,0.0,6.349950975082651,0.0,0.0,0.0,5.0,5.0,0.0,-10.0,0.0,-10.0,0.0,0.0
437,6.348093864369195,6.348093864369195,0.0,0.0,6.348093864369195,0.0,0.0,0.0,5.0,5.0,0.0,-10.0,0.0,-10.0,0.0,0.0
438,6.349125550744652,6.349125550744652,0.0,0.0,6.349125550744652,0.0,0.0,0.0,5.0,5.0,0.0,-10.0,0.0,-10.0,0.0,0.0
439,6.349644893725408,6.349644893725408,0.0,0.0,6.349644893725408,0.0,0.0,0.0,5.0,5.0,0.0,-10.0,0.0,-10.0,0.0,0.0
440,6.349819745905686,6.349819745905686,0.0,0.0,6.349819745905686,0.0,0.0,0.0,5.0,5.0,0.0,-10.0,0.0,-10.0,0.0,0.0
441,6.35017836150201,6.35017836150201,0.0,0.0,6.35017836150201,0.0,0.0,0.0,5.0,5.0,0.0,-10.0,0.0,-10.0,0.0,0.0
442,6.349573841745497,6.349573841745497,0.0,0.0,6.349573841745497,0.0,0.0,0.0,5.0,5.0,0.0,-10.0,0.0,-10.0,0.0,0.0
443,6.350029812120297,6.350029812120297,0.0,0.0,6.350029812120297,0.0,0.0,0.0,5.0,5.0,0.0,-10.0,0.0,-10.0,0.0,0.0
444,6.349011156279496,6.349011156279496,0.0,0.0,6.349011156279496,0.0,0.0,0.0,5.0,5.0,0.0,-10.0,0.0,-10.0,0.0,0.0
445,6.34995345932927,6.34995345932927,0.0,0.0,6.34995345932927,0.0,0.0,0.0,5.0,5.0,0.0,-10.0,0.0,-10.0,0.0,0.0
446,6.349536805003441,6.349536805003441,0.0,0.0,6.349536805003441,0.0,0.0,0.0,5.0,5.0,0.0,-10.0,0.0,-10.0,0.0,0.0
447,6.350180475350374,6.350180475350374,0.0,0.0,6.350180475350374,0.0,0.0,0.0,5.0,5.0,0.0,-10.0,0.0,-10.0,0.0,0.0
448,6.350462514175012,6.350462514175012,0.0,0.0,6.350462514175012,0.0,0.0,0.0,5.0,5.0,0.0,-10.0,0.0,-10.0,0.0,0.0
449,6.3505786853259325,6.3505786853259325,0.0,0.0,6.3505786853259325,0.0,0.0,0.0,5.0,5.0,0.0,-10.0,0.0,-10.0,0.0,0.0
450,6.349955892208952,6.349955892208952,0.0,0.0,6.349955892208952,0.0,0.0,0.0,5.0,5.0,0.0,-10.0,0.0,-10.0,0.0,0.0
451,6.350159875218216,6.350159875218216,0.0,0.0,6.350159875218216,0.0,0.0,0.0,5.0,5.0,0.0,-10.0,0.0,-10.0,0.0,0.0
452,6.34984172000054,6.34984172000054,0.0,0.0,6.34984172000054,0.0,0.0,0.0,5.0,5.0,0.0,-10.0,0.0,-10.0,0.0,0.0
453,6.350722954133162,6.350722954133162,0.0,0.0,6.350722954133162,0.0,0.0,0.0,5.0,5.0,0.0,-10.0,0.0,-10.0,0.0,0.0
454,6.349222424601309,6.349222424601309,0.0,0.0,6.349222424601309,0.0,0.0,0.0,5.0,5.0,0.0,-10.0,0.0,-10.0,0.0,0.0
455,6.349274334408357,6.349274334408357,0.0,0.0,6.349274334408357,0.0,0.0,0.0,5.0,5.0,0.0,-10.0,0.0,-10.0,0.0,0.0
456,6.34991543400772,6.34991543400772,0.0,0.0,6.34991543400772,0.0,0.0,0.0,5.0,5.0,0.0,-10.0,0.0,-10.0,0.0,0.0
457,6.349892133303285,6.349892133303285,0.0,0.0,6.349892133303285,0.0,0.0,0.0,5.0,5.0,0.0,-10.0,0.0,-10.0,0.0,0.0
458,6.350434748316414,6.350434748316414,0.0,0.0,6.350434748316414,0.0,0.0,0.0,5.0,5.0,0.0,-10.0,0.0,-10.0,0.0,0.0
459,6.351290193680189,6.351290193680189,0.0,0.0,6.351290193680189,0.0,0.0,0.0,5.0,5.0,0.0,-10.0,0.0,-10.0,0.0,0.0
460,6.349567335901594,6.349567335901594,0.0,0.0,6.349567335901594,0.0,0.0,0.0,5.0,5.0,0.0,-10.0,0.0,-10.0,0.0,0.0
461,6.350404088411069,6.350404088411069,0.0,0.0,6.350404088411069,0.0,0.0,0.0,5.0,5.0,0.0,-10.0,0.0,-10.0,0.0,0.0
462,6.349969808156774,6.349969808156774,0.0,0.0,6.349969808156774,0.0,0.0,0.0,5.0,5.0,0.0,-10.0,0.0,-10.0,0.0,0.0
463,6.348743149943864,6.348743149943864,0.0,0.0,6.348743149943864,0.0,0.0,0.0,5.0,5.0,0.0,-10.0,0.0,-10.0,0.0,0.0
464,6.349358116036063,6.349358116036063,0.0,0.0,6.349358116036063,0.0,0.0,0.0,5.0,5.0,0.0,-10.0,0.0,-10.0,0.0,0.0
465,6.350193456501967,6.350193456501967,0.0,0.0,6.350193456501967,0.0,0.0,0.0,5.0,5.0,0.0,-10.0,0.0,-10.0,0.0,0.0
466,6.351086431245777,6.351086431245777,0.0,0.0,6.351086431245777,0.0,0.0,0.0,5.0,5.0,0.0,-10.0,0.0,-10.0,0.0,0.0
467,6.350832296955913,6.350832296955913,0.0,0.0,6.350832296955913,0.0,0.0,0.0,5.0,5.0,0.0,-10.0,0.0,-10.0,0.0,0.0
468,6.3495985679577975,6.3495985679577975,0.0,0.0,6.3495985679577975,0.0,0.0,0.0,5.0,5.0,0.0,-10.0,0.0,-10.0,0.0,0.0
469,6.349672866349527,6.349672866349527,0.0,0.0,6.349672866349527,0.0,0.0,0.0,5.0,5.0,0.0,-10.0,0.0,-10.0,0.0,0.0
470,6.3492216944026625,6.3492216944026625,0.0,0.0,6.3492216944026625,0.0,0.0,0.0,5.0,5.0,0.0,-10.0,0.0,-10.0,0.0,0.0
471,6.3499050401362,6.3499050401362,0.0,0.0,6.3499050401362,0.0,0.0,0.0,5.0,5.0,0.0,-10.0,0.0,-10.0,0.0,0.0
472,6.351051783660151,6.351051783660151,0.0,0.0,6.351051783660151,0.0,0.0,0.0,5.0,5.0,0.0,-10.0,0.0,-10.0,0.0,0.0
473,6.350544305966891,6.350544305966891,0.0,0.0,6.350544305966891,0.0,0.0,0.0,5.0,5.0,0.0,-10.0,0.0,-10.0,0.0,0.0
474,6.349920794185131,6.349920794185131,0.0,0.0,6.349920794185131,0.0,0.0,0.0,5.0,5.0,0.0,-10.0,0.0,-10.0,0.0,0.0
475,6.3492157256082775,6.3492157256082775,0.0,0.0,6.3492157256082775,0.0,0.0,0.0,5.0,5.0,0.0,-10.0,0.0,-10.0,0.0,0.0
476,6.349460858800188,6.349460858800188,0.0,0.0,6.349460858800188,0.0,0.0,0.0,5.0,5.0,0.0,-10.0,0.0,-10.0,0.0,0.0
477,6.350164642354309,6.350164642354309,0.0,0.0,6.350164642354309,0.0,0.0,0.0,5.0,5.0,0.0,-10.0,0.0,-10.0,0.0,0.0
478,6.350916359008843,6.350916359008843,0.0,0.0,6.350916359008843,0.0,0.0,0.0,5.0,5.0,0.0,-10.0,0.0,-10.0,0.0,0.0
479,6.3502791667867795,6.3502791667867795,0.0,0.0,6.3502791667867795,0.0,0.0,0.0,5.0,5.0,0.0,-10.0,0.0,-10.0,0.0,0.0
480,6.350368790083205,6.350368790083205,0.0,0.0,6.350368790083205,0.0,0.0,0.0,5.0,5.0,0.0,-10.0,0.0,-10.0,0.0,0.0
481,6.350399887854527,6.350399887854527,0.0,0.0,6.350399887854527,0.0,0.0,0.0,5.0,5.0,0.0,-10.0,0.0,-10.0,0.0,0.0
482,6.350001231849979,6.350001231849979,0.0,0.0,6.350001231849979,0.0,0.0,0.0,5.0,5.0,0.0,-10.0,0.0,-10.0,0.0,0.0
483,6.3496887797853505,6.3496887797853505,0.0,0.0,6.3496887797853505,0.0,0.0,0.0,5.0,5.0,0.0,-10.0,0.0,-10.0,0.0,0.0
484,6.350603186791561,6.350603186791561,0.0,0.0,6.350603186791561,0.0,0.0,0.0,5.0,5.0,0.0,-10.0,0.0,-10.0,0.0,0.0
485,6.350412086056898,6.350412086056898,0.0,0.0,6.350412086056898,0.0,0.0,0.0,5.0,5.0,0.0,-10.0,0.0,-10.0,0.0,0.0
486,6.350264872312286,6.350264872312286,0.0,0.0,6.350264872312286,0.0,0.0,0.0,5.0,5.0,0.0,-10.0,0.0,-10.0,0.0,0.0
487,6.350050736996359,6.350050736996359,0.0,0.0,6.350050736996359,0.0,0.0,0.0,5.0,5.0,0.0,-10.0,0.0,-10.0,0.0,0.0
488,6.349850456390751,6.349850456390751,0.0,0.0,6.349850456390751,0.0,0.0,0.0,5.0,5.0,0.0,-10.0,0.0,-10.0,0.0,0.0
489,6.351457749307478,6.351457749307478,0.0,0.0,6.351457749307478,0.0,0.0,0.0,5.0,5.0,0.0,-10.0,0.0,-10.0,0.0,0.0
490,6.35013970396068,6.35013970396068,0.0,0.0,6.35013970396068,0.0,0.0,0.0,5.0,5.0,0.0,-10.0,0.0,-10.0,0.0,0.0
491,6.349670868904998,6.349670868904998,0.0,0.0,6.349670868904998,0.0,0.0,0.0,5.0,5.0,0.0,-10.0,0.0,-10.0,0.0,0.0
492,6.349759938368409,6.349759938368409,0.0,0.0,6.349759938368409,0.0,0.0,0.0,5.0,5.0,0.0,-10.0,0.0,-10.0,0.0,0.0
493,6.3499397874135886,6.3499397874135886,0.0,0.0,6.3499397874135886,0.0,0.0,0.0,5.0,5.0,0.0,-10.0,0.0,-10.0,0.0,0.0
494,6.349531968658663,6.349531968658663,0.0,0.0,6.349531968658663,0.0,0.0,0.0,5.0,5.0,0.0,-10.0,0.0,-10.0,0.0,0.0
495,6.349318323807031,6.349318323807031,0.0,0.0,6.349318323807031,0.0,0.0,0.0,5.0,5.0,0.0,-10.0,0.0,-10.0,0.0,0.0
496,6.349557013240484,6.349557013240484,0.0,0.0,6.349557013240484,0.0,0.0,0.0,5.0,5.0,0.0,-10.0,0.0,-10.0,0.0,0.0
497,6.349640477162397,6.349640477162397,0.0,0.0,6.349640477162397,0.0,0.0,0.0,5.0,5.0,0.0,-10.0,0.0,-10.0,0.0,0.0
498,6.349718081580346,6.349718081580346,0.0,0.0,6.349718081580346,0.0,0.0,0.0,5.0,5.0,0.0,-10.0,0.0,-10.0,0.0,0.0
499,6.350138146886027,6.350138146886027,0.0,0.0,6.350138146886027,0.0,0.0,0.0,5.0,5.0,0.0,-10.0,0.0,-10.0,0.0,0.0
